--
-- PostgreSQL database dump
--

SET statement_timeout = 0;
SET lock_timeout = 0;
SET client_encoding = 'UTF8';
SET standard_conforming_strings = on;
SET check_function_bodies = false;
SET client_min_messages = warning;

--
-- Name: plpgsql; Type: EXTENSION; Schema: -; Owner: 
--

CREATE EXTENSION IF NOT EXISTS plpgsql WITH SCHEMA pg_catalog;


--
-- Name: EXTENSION plpgsql; Type: COMMENT; Schema: -; Owner: 
--

COMMENT ON EXTENSION plpgsql IS 'PL/pgSQL procedural language';


SET search_path = public, pg_catalog;

SET default_tablespace = '';

SET default_with_oids = false;

--
-- Name: actors; Type: TABLE; Schema: public; Owner: sai_dev; Tablespace: 
--

CREATE TABLE actors (
    id integer NOT NULL,
    name character varying(255) NOT NULL,
    gender smallint DEFAULT 0 NOT NULL,
    popularity integer,
    created_at timestamp without time zone,
    updated_at timestamp without time zone
);


ALTER TABLE public.actors OWNER TO sai_dev;

--
-- Name: actors_id_seq; Type: SEQUENCE; Schema: public; Owner: sai_dev
--

CREATE SEQUENCE actors_id_seq
    START WITH 1
    INCREMENT BY 1
    NO MINVALUE
    NO MAXVALUE
    CACHE 1;


ALTER TABLE public.actors_id_seq OWNER TO sai_dev;

--
-- Name: actors_id_seq; Type: SEQUENCE OWNED BY; Schema: public; Owner: sai_dev
--

ALTER SEQUENCE actors_id_seq OWNED BY actors.id;


--
-- Name: actors_watchables; Type: TABLE; Schema: public; Owner: sai_dev; Tablespace: 
--

CREATE TABLE actors_watchables (
    watchable_id integer NOT NULL,
    actor_id integer NOT NULL,
    created_at timestamp without time zone,
    updated_at timestamp without time zone
);


ALTER TABLE public.actors_watchables OWNER TO sai_dev;

--
-- Name: episodes; Type: TABLE; Schema: public; Owner: sai_dev; Tablespace: 
--

CREATE TABLE episodes (
    id integer NOT NULL,
    season_nr integer,
    watchable_id integer NOT NULL,
    serie_id integer NOT NULL,
    created_at timestamp without time zone,
    updated_at timestamp without time zone
);


ALTER TABLE public.episodes OWNER TO sai_dev;

--
-- Name: episodes_id_seq; Type: SEQUENCE; Schema: public; Owner: sai_dev
--

CREATE SEQUENCE episodes_id_seq
    START WITH 1
    INCREMENT BY 1
    NO MINVALUE
    NO MAXVALUE
    CACHE 1;


ALTER TABLE public.episodes_id_seq OWNER TO sai_dev;

--
-- Name: episodes_id_seq; Type: SEQUENCE OWNED BY; Schema: public; Owner: sai_dev
--

ALTER SEQUENCE episodes_id_seq OWNED BY episodes.id;


--
-- Name: movies; Type: TABLE; Schema: public; Owner: sai_dev; Tablespace: 
--

CREATE TABLE movies (
    id integer NOT NULL,
    rottentomatoesrating integer,
    watchable_id integer,
    created_at timestamp without time zone,
    updated_at timestamp without time zone
);


ALTER TABLE public.movies OWNER TO sai_dev;

--
-- Name: movies_id_seq; Type: SEQUENCE; Schema: public; Owner: sai_dev
--

CREATE SEQUENCE movies_id_seq
    START WITH 1
    INCREMENT BY 1
    NO MINVALUE
    NO MAXVALUE
    CACHE 1;


ALTER TABLE public.movies_id_seq OWNER TO sai_dev;

--
-- Name: movies_id_seq; Type: SEQUENCE OWNED BY; Schema: public; Owner: sai_dev
--

ALTER SEQUENCE movies_id_seq OWNED BY movies.id;


--
-- Name: schema_migrations; Type: TABLE; Schema: public; Owner: sai_dev; Tablespace: 
--

CREATE TABLE schema_migrations (
    version character varying(255) NOT NULL
);


ALTER TABLE public.schema_migrations OWNER TO sai_dev;

--
-- Name: series; Type: TABLE; Schema: public; Owner: sai_dev; Tablespace: 
--

CREATE TABLE series (
    id integer NOT NULL,
    name character varying(255) NOT NULL,
    language character varying(255) DEFAULT 'english'::character varying,
    created_at timestamp without time zone,
    updated_at timestamp without time zone
);


ALTER TABLE public.series OWNER TO sai_dev;

--
-- Name: series_id_seq; Type: SEQUENCE; Schema: public; Owner: sai_dev
--

CREATE SEQUENCE series_id_seq
    START WITH 1
    INCREMENT BY 1
    NO MINVALUE
    NO MAXVALUE
    CACHE 1;


ALTER TABLE public.series_id_seq OWNER TO sai_dev;

--
-- Name: series_id_seq; Type: SEQUENCE OWNED BY; Schema: public; Owner: sai_dev
--

ALTER SEQUENCE series_id_seq OWNED BY series.id;


--
-- Name: torrents; Type: TABLE; Schema: public; Owner: sai_dev; Tablespace: 
--

CREATE TABLE torrents (
    id integer NOT NULL,
    enclosure_url character varying(255) NOT NULL,
    files integer DEFAULT 1 NOT NULL,
    job_id integer,
    name character varying(255) NOT NULL,
    pub_date timestamp without time zone,
    rating integer,
    size character varying(255),
    watchable_id integer,
    created_at timestamp without time zone,
    updated_at timestamp without time zone
);


ALTER TABLE public.torrents OWNER TO sai_dev;

--
-- Name: torrents_id_seq; Type: SEQUENCE; Schema: public; Owner: sai_dev
--

CREATE SEQUENCE torrents_id_seq
    START WITH 1
    INCREMENT BY 1
    NO MINVALUE
    NO MAXVALUE
    CACHE 1;


ALTER TABLE public.torrents_id_seq OWNER TO sai_dev;

--
-- Name: torrents_id_seq; Type: SEQUENCE OWNED BY; Schema: public; Owner: sai_dev
--

ALTER SEQUENCE torrents_id_seq OWNED BY torrents.id;


--
-- Name: watchables; Type: TABLE; Schema: public; Owner: sai_dev; Tablespace: 
--

CREATE TABLE watchables (
    id integer NOT NULL,
    dl_finished boolean DEFAULT false NOT NULL,
    firstaired date,
    name character varying(255) NOT NULL,
    watched boolean DEFAULT false NOT NULL,
    length integer,
    created_at timestamp without time zone,
    updated_at timestamp without time zone
);


ALTER TABLE public.watchables OWNER TO sai_dev;

--
-- Name: watchables_id_seq; Type: SEQUENCE; Schema: public; Owner: sai_dev
--

CREATE SEQUENCE watchables_id_seq
    START WITH 1
    INCREMENT BY 1
    NO MINVALUE
    NO MAXVALUE
    CACHE 1;


ALTER TABLE public.watchables_id_seq OWNER TO sai_dev;

--
-- Name: watchables_id_seq; Type: SEQUENCE OWNED BY; Schema: public; Owner: sai_dev
--

ALTER SEQUENCE watchables_id_seq OWNED BY watchables.id;


--
-- Name: id; Type: DEFAULT; Schema: public; Owner: sai_dev
--

ALTER TABLE ONLY actors ALTER COLUMN id SET DEFAULT nextval('actors_id_seq'::regclass);


--
-- Name: id; Type: DEFAULT; Schema: public; Owner: sai_dev
--

ALTER TABLE ONLY episodes ALTER COLUMN id SET DEFAULT nextval('episodes_id_seq'::regclass);


--
-- Name: id; Type: DEFAULT; Schema: public; Owner: sai_dev
--

ALTER TABLE ONLY movies ALTER COLUMN id SET DEFAULT nextval('movies_id_seq'::regclass);


--
-- Name: id; Type: DEFAULT; Schema: public; Owner: sai_dev
--

ALTER TABLE ONLY series ALTER COLUMN id SET DEFAULT nextval('series_id_seq'::regclass);


--
-- Name: id; Type: DEFAULT; Schema: public; Owner: sai_dev
--

ALTER TABLE ONLY torrents ALTER COLUMN id SET DEFAULT nextval('torrents_id_seq'::regclass);


--
-- Name: id; Type: DEFAULT; Schema: public; Owner: sai_dev
--

ALTER TABLE ONLY watchables ALTER COLUMN id SET DEFAULT nextval('watchables_id_seq'::regclass);


--
-- Data for Name: actors; Type: TABLE DATA; Schema: public; Owner: sai_dev
--

COPY actors (id, name, gender, popularity, created_at, updated_at) FROM stdin;
1	test_actor	0	\N	2014-10-22 15:44:13.887381	2014-10-22 15:44:13.887381
2	test_actor	0	\N	2014-10-22 15:44:13.908322	2014-10-22 15:44:13.908322
3	test_actor	0	\N	2014-10-22 15:44:13.926392	2014-10-22 15:44:13.926392
4	test_actor	0	\N	2014-10-22 15:44:13.940185	2014-10-22 15:44:13.940185
5	test_actor	0	\N	2014-10-22 15:44:13.957534	2014-10-22 15:44:13.957534
6	test_actor	0	\N	2014-10-22 15:44:13.97177	2014-10-22 15:44:13.97177
7	test_actor	0	\N	2014-10-22 15:44:13.98714	2014-10-22 15:44:13.98714
8	test_actor	0	\N	2014-10-22 15:44:14.002756	2014-10-22 15:44:14.002756
9	test_actor	0	\N	2014-10-22 15:44:14.021557	2014-10-22 15:44:14.021557
10	test_actor	0	\N	2014-10-22 15:44:14.035833	2014-10-22 15:44:14.035833
11	test_actor	0	\N	2014-10-22 15:44:14.054486	2014-10-22 15:44:14.054486
12	test_actor	0	\N	2014-10-22 15:44:14.067319	2014-10-22 15:44:14.067319
13	test_actor	0	\N	2014-10-22 15:44:14.080055	2014-10-22 15:44:14.080055
14	test_actor	0	\N	2014-10-22 15:44:14.093162	2014-10-22 15:44:14.093162
15	test_actor	0	\N	2014-10-22 15:44:14.118597	2014-10-22 15:44:14.118597
16	test_actor	0	\N	2014-10-22 15:44:14.130909	2014-10-22 15:44:14.130909
17	test_actor	0	\N	2014-10-22 15:44:14.152176	2014-10-22 15:44:14.152176
18	test_actor	0	\N	2014-10-22 15:44:14.181051	2014-10-22 15:44:14.181051
19	test_actor	0	\N	2014-10-22 15:44:14.198373	2014-10-22 15:44:14.198373
20	test_actor	0	\N	2014-10-22 15:44:14.219319	2014-10-22 15:44:14.219319
21	test_actor	0	\N	2014-10-22 15:44:14.238391	2014-10-22 15:44:14.238391
22	test_actor	0	\N	2014-10-22 15:44:14.251174	2014-10-22 15:44:14.251174
23	test_actor	0	\N	2014-10-22 15:44:14.266617	2014-10-22 15:44:14.266617
24	test_actor	0	\N	2014-10-22 15:44:14.286724	2014-10-22 15:44:14.286724
25	test_actor	0	\N	2014-10-22 15:44:14.305677	2014-10-22 15:44:14.305677
26	test_actor	0	\N	2014-10-22 15:44:14.319319	2014-10-22 15:44:14.319319
27	test_actor	0	\N	2014-10-22 15:44:14.341828	2014-10-22 15:44:14.341828
28	test_actor	0	\N	2014-10-22 15:44:14.362689	2014-10-22 15:44:14.362689
29	test_actor	0	\N	2014-10-22 15:44:14.379078	2014-10-22 15:44:14.379078
30	test_actor	0	\N	2014-10-22 15:44:14.393778	2014-10-22 15:44:14.393778
31	test_actor	0	\N	2014-10-22 15:44:14.406622	2014-10-22 15:44:14.406622
32	test_actor	0	\N	2014-10-22 15:44:14.431162	2014-10-22 15:44:14.431162
33	test_actor	0	\N	2014-10-22 15:44:14.450297	2014-10-22 15:44:14.450297
34	test_actor	0	\N	2014-10-22 15:44:14.46249	2014-10-22 15:44:14.46249
35	test_actor	0	\N	2014-10-22 15:44:14.477969	2014-10-22 15:44:14.477969
36	test_actor	0	\N	2014-10-22 15:44:14.491133	2014-10-22 15:44:14.491133
37	test_actor	0	\N	2014-10-22 15:44:14.504125	2014-10-22 15:44:14.504125
38	test_actor	0	\N	2014-10-22 15:44:14.516605	2014-10-22 15:44:14.516605
39	test_actor	0	\N	2014-10-22 15:44:14.530514	2014-10-22 15:44:14.530514
40	test_actor	0	\N	2014-10-22 15:44:14.546138	2014-10-22 15:44:14.546138
\.


--
-- Name: actors_id_seq; Type: SEQUENCE SET; Schema: public; Owner: sai_dev
--

SELECT pg_catalog.setval('actors_id_seq', 40, true);


--
-- Data for Name: actors_watchables; Type: TABLE DATA; Schema: public; Owner: sai_dev
--

COPY actors_watchables (watchable_id, actor_id, created_at, updated_at) FROM stdin;
525	1	2014-10-22 15:44:13.903074	2014-10-22 15:44:13.903074
446	2	2014-10-22 15:44:13.920321	2014-10-22 15:44:13.920321
561	3	2014-10-22 15:44:13.935358	2014-10-22 15:44:13.935358
564	4	2014-10-22 15:44:13.951386	2014-10-22 15:44:13.951386
582	5	2014-10-22 15:44:13.967273	2014-10-22 15:44:13.967273
505	6	2014-10-22 15:44:13.982649	2014-10-22 15:44:13.982649
406	7	2014-10-22 15:44:13.996764	2014-10-22 15:44:13.996764
513	8	2014-10-22 15:44:14.01656	2014-10-22 15:44:14.01656
539	9	2014-10-22 15:44:14.030061	2014-10-22 15:44:14.030061
425	10	2014-10-22 15:44:14.048938	2014-10-22 15:44:14.048938
561	11	2014-10-22 15:44:14.062706	2014-10-22 15:44:14.062706
565	12	2014-10-22 15:44:14.075686	2014-10-22 15:44:14.075686
561	13	2014-10-22 15:44:14.08882	2014-10-22 15:44:14.08882
423	14	2014-10-22 15:44:14.107369	2014-10-22 15:44:14.107369
571	15	2014-10-22 15:44:14.126645	2014-10-22 15:44:14.126645
481	16	2014-10-22 15:44:14.140717	2014-10-22 15:44:14.140717
561	17	2014-10-22 15:44:14.176237	2014-10-22 15:44:14.176237
560	18	2014-10-22 15:44:14.192639	2014-10-22 15:44:14.192639
462	19	2014-10-22 15:44:14.207643	2014-10-22 15:44:14.207643
467	20	2014-10-22 15:44:14.232894	2014-10-22 15:44:14.232894
500	21	2014-10-22 15:44:14.246493	2014-10-22 15:44:14.246493
450	22	2014-10-22 15:44:14.260935	2014-10-22 15:44:14.260935
549	23	2014-10-22 15:44:14.280933	2014-10-22 15:44:14.280933
598	24	2014-10-22 15:44:14.299923	2014-10-22 15:44:14.299923
416	25	2014-10-22 15:44:14.314476	2014-10-22 15:44:14.314476
516	26	2014-10-22 15:44:14.330629	2014-10-22 15:44:14.330629
439	27	2014-10-22 15:44:14.358091	2014-10-22 15:44:14.358091
529	28	2014-10-22 15:44:14.373242	2014-10-22 15:44:14.373242
487	29	2014-10-22 15:44:14.389408	2014-10-22 15:44:14.389408
490	30	2014-10-22 15:44:14.402281	2014-10-22 15:44:14.402281
583	31	2014-10-22 15:44:14.419145	2014-10-22 15:44:14.419145
548	32	2014-10-22 15:44:14.444802	2014-10-22 15:44:14.444802
507	33	2014-10-22 15:44:14.457928	2014-10-22 15:44:14.457928
556	34	2014-10-22 15:44:14.47367	2014-10-22 15:44:14.47367
433	35	2014-10-22 15:44:14.486683	2014-10-22 15:44:14.486683
544	36	2014-10-22 15:44:14.499586	2014-10-22 15:44:14.499586
572	37	2014-10-22 15:44:14.512093	2014-10-22 15:44:14.512093
412	38	2014-10-22 15:44:14.525638	2014-10-22 15:44:14.525638
545	39	2014-10-22 15:44:14.538501	2014-10-22 15:44:14.538501
589	40	2014-10-22 15:44:14.560638	2014-10-22 15:44:14.560638
\.


--
-- Data for Name: episodes; Type: TABLE DATA; Schema: public; Owner: sai_dev
--

COPY episodes (id, season_nr, watchable_id, serie_id, created_at, updated_at) FROM stdin;
403	\N	401	34	2014-10-22 15:44:10.72394	2014-10-22 15:44:10.72394
404	\N	402	34	2014-10-22 15:44:10.732663	2014-10-22 15:44:10.732663
405	\N	403	34	2014-10-22 15:44:10.740472	2014-10-22 15:44:10.740472
406	\N	404	34	2014-10-22 15:44:10.747796	2014-10-22 15:44:10.747796
407	\N	405	34	2014-10-22 15:44:10.755878	2014-10-22 15:44:10.755878
408	\N	406	34	2014-10-22 15:44:10.764695	2014-10-22 15:44:10.764695
409	\N	407	34	2014-10-22 15:44:10.77619	2014-10-22 15:44:10.77619
410	\N	408	34	2014-10-22 15:44:10.788517	2014-10-22 15:44:10.788517
411	\N	409	34	2014-10-22 15:44:10.806258	2014-10-22 15:44:10.806258
412	\N	410	34	2014-10-22 15:44:10.815865	2014-10-22 15:44:10.815865
413	\N	411	34	2014-10-22 15:44:10.825554	2014-10-22 15:44:10.825554
414	\N	412	34	2014-10-22 15:44:10.834594	2014-10-22 15:44:10.834594
415	\N	413	34	2014-10-22 15:44:10.856612	2014-10-22 15:44:10.856612
416	\N	414	34	2014-10-22 15:44:10.86652	2014-10-22 15:44:10.86652
417	\N	415	34	2014-10-22 15:44:10.878057	2014-10-22 15:44:10.878057
418	\N	416	34	2014-10-22 15:44:10.887259	2014-10-22 15:44:10.887259
419	\N	417	34	2014-10-22 15:44:10.89682	2014-10-22 15:44:10.89682
420	\N	418	34	2014-10-22 15:44:10.919651	2014-10-22 15:44:10.919651
421	\N	419	34	2014-10-22 15:44:10.929994	2014-10-22 15:44:10.929994
422	\N	420	34	2014-10-22 15:44:10.939123	2014-10-22 15:44:10.939123
423	\N	421	35	2014-10-22 15:44:10.954456	2014-10-22 15:44:10.954456
424	\N	422	35	2014-10-22 15:44:10.964066	2014-10-22 15:44:10.964066
425	\N	423	35	2014-10-22 15:44:10.982366	2014-10-22 15:44:10.982366
426	\N	424	35	2014-10-22 15:44:10.996679	2014-10-22 15:44:10.996679
427	\N	425	35	2014-10-22 15:44:11.004674	2014-10-22 15:44:11.004674
428	\N	426	35	2014-10-22 15:44:11.017539	2014-10-22 15:44:11.017539
429	\N	427	35	2014-10-22 15:44:11.025361	2014-10-22 15:44:11.025361
430	\N	428	35	2014-10-22 15:44:11.032986	2014-10-22 15:44:11.032986
431	\N	429	35	2014-10-22 15:44:11.041039	2014-10-22 15:44:11.041039
432	\N	430	35	2014-10-22 15:44:11.055873	2014-10-22 15:44:11.055873
433	\N	431	35	2014-10-22 15:44:11.063893	2014-10-22 15:44:11.063893
434	\N	432	35	2014-10-22 15:44:11.073641	2014-10-22 15:44:11.073641
435	\N	433	35	2014-10-22 15:44:11.088983	2014-10-22 15:44:11.088983
436	\N	434	35	2014-10-22 15:44:11.112873	2014-10-22 15:44:11.112873
437	\N	435	35	2014-10-22 15:44:11.136941	2014-10-22 15:44:11.136941
438	\N	436	35	2014-10-22 15:44:11.147035	2014-10-22 15:44:11.147035
439	\N	437	35	2014-10-22 15:44:11.159242	2014-10-22 15:44:11.159242
440	\N	438	35	2014-10-22 15:44:11.169592	2014-10-22 15:44:11.169592
441	\N	439	35	2014-10-22 15:44:11.187075	2014-10-22 15:44:11.187075
442	\N	440	35	2014-10-22 15:44:11.202153	2014-10-22 15:44:11.202153
443	\N	441	36	2014-10-22 15:44:11.236383	2014-10-22 15:44:11.236383
444	\N	442	36	2014-10-22 15:44:11.250001	2014-10-22 15:44:11.250001
445	\N	443	36	2014-10-22 15:44:11.264954	2014-10-22 15:44:11.264954
446	\N	444	36	2014-10-22 15:44:11.285913	2014-10-22 15:44:11.285913
447	\N	445	36	2014-10-22 15:44:11.294652	2014-10-22 15:44:11.294652
448	\N	446	36	2014-10-22 15:44:11.307711	2014-10-22 15:44:11.307711
449	\N	447	36	2014-10-22 15:44:11.318073	2014-10-22 15:44:11.318073
450	\N	448	36	2014-10-22 15:44:11.328979	2014-10-22 15:44:11.328979
451	\N	449	36	2014-10-22 15:44:11.339298	2014-10-22 15:44:11.339298
452	\N	450	36	2014-10-22 15:44:11.357842	2014-10-22 15:44:11.357842
453	\N	451	36	2014-10-22 15:44:11.370471	2014-10-22 15:44:11.370471
454	\N	452	36	2014-10-22 15:44:11.377927	2014-10-22 15:44:11.377927
455	\N	453	36	2014-10-22 15:44:11.388402	2014-10-22 15:44:11.388402
456	\N	454	36	2014-10-22 15:44:11.396686	2014-10-22 15:44:11.396686
457	\N	455	36	2014-10-22 15:44:11.412828	2014-10-22 15:44:11.412828
458	\N	456	36	2014-10-22 15:44:11.421163	2014-10-22 15:44:11.421163
459	\N	457	36	2014-10-22 15:44:11.428278	2014-10-22 15:44:11.428278
460	\N	458	36	2014-10-22 15:44:11.436255	2014-10-22 15:44:11.436255
461	\N	459	36	2014-10-22 15:44:11.45337	2014-10-22 15:44:11.45337
462	\N	460	36	2014-10-22 15:44:11.478922	2014-10-22 15:44:11.478922
463	\N	461	37	2014-10-22 15:44:11.496747	2014-10-22 15:44:11.496747
464	\N	462	37	2014-10-22 15:44:11.505862	2014-10-22 15:44:11.505862
465	\N	463	37	2014-10-22 15:44:11.517298	2014-10-22 15:44:11.517298
466	\N	464	37	2014-10-22 15:44:11.527891	2014-10-22 15:44:11.527891
467	\N	465	37	2014-10-22 15:44:11.537292	2014-10-22 15:44:11.537292
468	\N	466	37	2014-10-22 15:44:11.546758	2014-10-22 15:44:11.546758
469	\N	467	37	2014-10-22 15:44:11.558095	2014-10-22 15:44:11.558095
470	\N	468	37	2014-10-22 15:44:11.56831	2014-10-22 15:44:11.56831
471	\N	469	37	2014-10-22 15:44:11.584398	2014-10-22 15:44:11.584398
472	\N	470	37	2014-10-22 15:44:11.592312	2014-10-22 15:44:11.592312
473	\N	471	37	2014-10-22 15:44:11.598985	2014-10-22 15:44:11.598985
474	\N	472	37	2014-10-22 15:44:11.609006	2014-10-22 15:44:11.609006
475	\N	473	37	2014-10-22 15:44:11.624429	2014-10-22 15:44:11.624429
476	\N	474	37	2014-10-22 15:44:11.643938	2014-10-22 15:44:11.643938
477	\N	475	37	2014-10-22 15:44:11.655403	2014-10-22 15:44:11.655403
478	\N	476	37	2014-10-22 15:44:11.667686	2014-10-22 15:44:11.667686
479	\N	477	37	2014-10-22 15:44:11.684119	2014-10-22 15:44:11.684119
480	\N	478	37	2014-10-22 15:44:11.712802	2014-10-22 15:44:11.712802
481	\N	479	37	2014-10-22 15:44:11.727978	2014-10-22 15:44:11.727978
482	\N	480	37	2014-10-22 15:44:11.736534	2014-10-22 15:44:11.736534
483	\N	481	38	2014-10-22 15:44:11.759891	2014-10-22 15:44:11.759891
484	\N	482	38	2014-10-22 15:44:11.76904	2014-10-22 15:44:11.76904
485	\N	483	38	2014-10-22 15:44:11.776976	2014-10-22 15:44:11.776976
486	\N	484	38	2014-10-22 15:44:11.785717	2014-10-22 15:44:11.785717
487	\N	485	38	2014-10-22 15:44:11.793088	2014-10-22 15:44:11.793088
488	\N	486	38	2014-10-22 15:44:11.800548	2014-10-22 15:44:11.800548
489	\N	487	38	2014-10-22 15:44:11.807792	2014-10-22 15:44:11.807792
490	\N	488	38	2014-10-22 15:44:11.815117	2014-10-22 15:44:11.815117
491	\N	489	38	2014-10-22 15:44:11.822679	2014-10-22 15:44:11.822679
492	\N	490	38	2014-10-22 15:44:11.830832	2014-10-22 15:44:11.830832
493	\N	491	38	2014-10-22 15:44:11.838365	2014-10-22 15:44:11.838365
494	\N	492	38	2014-10-22 15:44:11.845981	2014-10-22 15:44:11.845981
495	\N	493	38	2014-10-22 15:44:11.85532	2014-10-22 15:44:11.85532
496	\N	494	38	2014-10-22 15:44:11.866687	2014-10-22 15:44:11.866687
497	\N	495	38	2014-10-22 15:44:11.876277	2014-10-22 15:44:11.876277
498	\N	496	38	2014-10-22 15:44:11.886459	2014-10-22 15:44:11.886459
499	\N	497	38	2014-10-22 15:44:11.896626	2014-10-22 15:44:11.896626
500	\N	498	38	2014-10-22 15:44:11.905934	2014-10-22 15:44:11.905934
501	\N	499	38	2014-10-22 15:44:11.916813	2014-10-22 15:44:11.916813
502	\N	500	38	2014-10-22 15:44:11.92646	2014-10-22 15:44:11.92646
503	\N	501	39	2014-10-22 15:44:11.941946	2014-10-22 15:44:11.941946
504	\N	502	39	2014-10-22 15:44:11.951273	2014-10-22 15:44:11.951273
505	\N	503	39	2014-10-22 15:44:11.960997	2014-10-22 15:44:11.960997
506	\N	504	39	2014-10-22 15:44:11.973257	2014-10-22 15:44:11.973257
507	\N	505	39	2014-10-22 15:44:11.983742	2014-10-22 15:44:11.983742
508	\N	506	39	2014-10-22 15:44:11.993834	2014-10-22 15:44:11.993834
509	\N	507	39	2014-10-22 15:44:12.003429	2014-10-22 15:44:12.003429
510	\N	508	39	2014-10-22 15:44:12.013866	2014-10-22 15:44:12.013866
511	\N	509	39	2014-10-22 15:44:12.024178	2014-10-22 15:44:12.024178
512	\N	510	39	2014-10-22 15:44:12.034498	2014-10-22 15:44:12.034498
513	\N	511	39	2014-10-22 15:44:12.04562	2014-10-22 15:44:12.04562
514	\N	512	39	2014-10-22 15:44:12.055721	2014-10-22 15:44:12.055721
515	\N	513	39	2014-10-22 15:44:12.066326	2014-10-22 15:44:12.066326
516	\N	514	39	2014-10-22 15:44:12.089561	2014-10-22 15:44:12.089561
517	\N	515	39	2014-10-22 15:44:12.101326	2014-10-22 15:44:12.101326
518	\N	516	39	2014-10-22 15:44:12.109932	2014-10-22 15:44:12.109932
519	\N	517	39	2014-10-22 15:44:12.121561	2014-10-22 15:44:12.121561
520	\N	518	39	2014-10-22 15:44:12.132236	2014-10-22 15:44:12.132236
521	\N	519	39	2014-10-22 15:44:12.142606	2014-10-22 15:44:12.142606
522	\N	520	39	2014-10-22 15:44:12.153225	2014-10-22 15:44:12.153225
523	\N	521	40	2014-10-22 15:44:12.170704	2014-10-22 15:44:12.170704
524	\N	522	40	2014-10-22 15:44:12.17969	2014-10-22 15:44:12.17969
525	\N	523	40	2014-10-22 15:44:12.203319	2014-10-22 15:44:12.203319
526	\N	524	40	2014-10-22 15:44:12.211886	2014-10-22 15:44:12.211886
527	\N	525	40	2014-10-22 15:44:12.221309	2014-10-22 15:44:12.221309
528	\N	526	40	2014-10-22 15:44:12.228627	2014-10-22 15:44:12.228627
529	\N	527	40	2014-10-22 15:44:12.235822	2014-10-22 15:44:12.235822
530	\N	528	40	2014-10-22 15:44:12.250554	2014-10-22 15:44:12.250554
531	\N	529	40	2014-10-22 15:44:12.268179	2014-10-22 15:44:12.268179
532	\N	530	40	2014-10-22 15:44:12.294058	2014-10-22 15:44:12.294058
533	\N	531	40	2014-10-22 15:44:12.316425	2014-10-22 15:44:12.316425
534	\N	532	40	2014-10-22 15:44:12.327321	2014-10-22 15:44:12.327321
535	\N	533	40	2014-10-22 15:44:12.336669	2014-10-22 15:44:12.336669
536	\N	534	40	2014-10-22 15:44:12.346444	2014-10-22 15:44:12.346444
537	\N	535	40	2014-10-22 15:44:12.363958	2014-10-22 15:44:12.363958
538	\N	536	40	2014-10-22 15:44:12.375399	2014-10-22 15:44:12.375399
539	\N	537	40	2014-10-22 15:44:12.386853	2014-10-22 15:44:12.386853
540	\N	538	40	2014-10-22 15:44:12.39711	2014-10-22 15:44:12.39711
541	\N	539	40	2014-10-22 15:44:12.407789	2014-10-22 15:44:12.407789
542	\N	540	40	2014-10-22 15:44:12.417163	2014-10-22 15:44:12.417163
543	\N	541	41	2014-10-22 15:44:12.433653	2014-10-22 15:44:12.433653
544	\N	542	41	2014-10-22 15:44:12.449444	2014-10-22 15:44:12.449444
545	\N	543	41	2014-10-22 15:44:12.469753	2014-10-22 15:44:12.469753
546	\N	544	41	2014-10-22 15:44:12.477674	2014-10-22 15:44:12.477674
547	\N	545	41	2014-10-22 15:44:12.48507	2014-10-22 15:44:12.48507
548	\N	546	41	2014-10-22 15:44:12.504801	2014-10-22 15:44:12.504801
549	\N	547	41	2014-10-22 15:44:12.530584	2014-10-22 15:44:12.530584
550	\N	548	41	2014-10-22 15:44:12.54251	2014-10-22 15:44:12.54251
551	\N	549	41	2014-10-22 15:44:12.558555	2014-10-22 15:44:12.558555
552	\N	550	41	2014-10-22 15:44:12.577727	2014-10-22 15:44:12.577727
553	\N	551	41	2014-10-22 15:44:12.586642	2014-10-22 15:44:12.586642
554	\N	552	41	2014-10-22 15:44:12.595767	2014-10-22 15:44:12.595767
555	\N	553	41	2014-10-22 15:44:12.606102	2014-10-22 15:44:12.606102
556	\N	554	41	2014-10-22 15:44:12.628603	2014-10-22 15:44:12.628603
557	\N	555	41	2014-10-22 15:44:12.641155	2014-10-22 15:44:12.641155
558	\N	556	41	2014-10-22 15:44:12.649102	2014-10-22 15:44:12.649102
559	\N	557	41	2014-10-22 15:44:12.660148	2014-10-22 15:44:12.660148
560	\N	558	41	2014-10-22 15:44:12.671114	2014-10-22 15:44:12.671114
561	\N	559	41	2014-10-22 15:44:12.680067	2014-10-22 15:44:12.680067
562	\N	560	41	2014-10-22 15:44:12.689393	2014-10-22 15:44:12.689393
563	\N	561	42	2014-10-22 15:44:12.704833	2014-10-22 15:44:12.704833
564	\N	562	42	2014-10-22 15:44:12.72244	2014-10-22 15:44:12.72244
565	\N	563	42	2014-10-22 15:44:12.733644	2014-10-22 15:44:12.733644
566	\N	564	42	2014-10-22 15:44:12.756316	2014-10-22 15:44:12.756316
567	\N	565	42	2014-10-22 15:44:12.783322	2014-10-22 15:44:12.783322
568	\N	566	42	2014-10-22 15:44:12.791925	2014-10-22 15:44:12.791925
569	\N	567	42	2014-10-22 15:44:12.803186	2014-10-22 15:44:12.803186
570	\N	568	42	2014-10-22 15:44:12.81391	2014-10-22 15:44:12.81391
571	\N	569	42	2014-10-22 15:44:12.824195	2014-10-22 15:44:12.824195
572	\N	570	42	2014-10-22 15:44:12.834323	2014-10-22 15:44:12.834323
573	\N	571	42	2014-10-22 15:44:12.843747	2014-10-22 15:44:12.843747
574	\N	572	42	2014-10-22 15:44:12.853709	2014-10-22 15:44:12.853709
575	\N	573	42	2014-10-22 15:44:12.866314	2014-10-22 15:44:12.866314
576	\N	574	42	2014-10-22 15:44:12.876023	2014-10-22 15:44:12.876023
577	\N	575	42	2014-10-22 15:44:12.885926	2014-10-22 15:44:12.885926
578	\N	576	42	2014-10-22 15:44:12.897167	2014-10-22 15:44:12.897167
579	\N	577	42	2014-10-22 15:44:12.90709	2014-10-22 15:44:12.90709
580	\N	578	42	2014-10-22 15:44:12.917179	2014-10-22 15:44:12.917179
581	\N	579	42	2014-10-22 15:44:12.926875	2014-10-22 15:44:12.926875
582	\N	580	42	2014-10-22 15:44:12.938009	2014-10-22 15:44:12.938009
583	\N	581	43	2014-10-22 15:44:12.951694	2014-10-22 15:44:12.951694
584	\N	582	43	2014-10-22 15:44:12.97452	2014-10-22 15:44:12.97452
585	\N	583	43	2014-10-22 15:44:12.990034	2014-10-22 15:44:12.990034
586	\N	584	43	2014-10-22 15:44:13.001382	2014-10-22 15:44:13.001382
587	\N	585	43	2014-10-22 15:44:13.008677	2014-10-22 15:44:13.008677
588	\N	586	43	2014-10-22 15:44:13.018369	2014-10-22 15:44:13.018369
589	\N	587	43	2014-10-22 15:44:13.042995	2014-10-22 15:44:13.042995
590	\N	588	43	2014-10-22 15:44:13.054009	2014-10-22 15:44:13.054009
591	\N	589	43	2014-10-22 15:44:13.063323	2014-10-22 15:44:13.063323
592	\N	590	43	2014-10-22 15:44:13.074577	2014-10-22 15:44:13.074577
593	\N	591	43	2014-10-22 15:44:13.09099	2014-10-22 15:44:13.09099
594	\N	592	43	2014-10-22 15:44:13.100656	2014-10-22 15:44:13.100656
595	\N	593	43	2014-10-22 15:44:13.107776	2014-10-22 15:44:13.107776
596	\N	594	43	2014-10-22 15:44:13.120058	2014-10-22 15:44:13.120058
597	\N	595	43	2014-10-22 15:44:13.133112	2014-10-22 15:44:13.133112
598	\N	596	43	2014-10-22 15:44:13.141171	2014-10-22 15:44:13.141171
599	\N	597	43	2014-10-22 15:44:13.149378	2014-10-22 15:44:13.149378
600	\N	598	43	2014-10-22 15:44:13.160656	2014-10-22 15:44:13.160656
601	\N	599	43	2014-10-22 15:44:13.171683	2014-10-22 15:44:13.171683
602	\N	600	43	2014-10-22 15:44:13.181658	2014-10-22 15:44:13.181658
603	0	603	47	2014-10-29 17:44:20.759985	2014-10-29 17:44:20.759985
604	0	604	47	2014-10-29 17:44:20.773662	2014-10-29 17:44:20.773662
605	1	605	47	2014-10-29 17:44:20.78479	2014-10-29 17:44:20.78479
606	1	606	47	2014-10-29 17:44:20.793957	2014-10-29 17:44:20.793957
607	1	607	47	2014-10-29 17:44:20.805163	2014-10-29 17:44:20.805163
608	1	608	47	2014-10-29 17:44:20.816958	2014-10-29 17:44:20.816958
609	1	609	47	2014-10-29 17:44:20.825222	2014-10-29 17:44:20.825222
610	1	610	47	2014-10-29 17:44:20.834236	2014-10-29 17:44:20.834236
611	1	611	47	2014-10-29 17:44:20.8521	2014-10-29 17:44:20.8521
612	1	612	47	2014-10-29 17:44:20.869829	2014-10-29 17:44:20.869829
613	0	614	47	2014-10-29 17:44:52.322244	2014-10-29 17:44:52.322244
614	0	615	47	2014-10-29 17:44:52.342039	2014-10-29 17:44:52.342039
615	1	616	47	2014-10-29 17:44:52.354954	2014-10-29 17:44:52.354954
616	1	617	47	2014-10-29 17:44:52.363963	2014-10-29 17:44:52.363963
617	1	618	47	2014-10-29 17:44:52.372379	2014-10-29 17:44:52.372379
618	1	619	47	2014-10-29 17:44:52.384466	2014-10-29 17:44:52.384466
619	1	620	47	2014-10-29 17:44:52.395061	2014-10-29 17:44:52.395061
620	1	621	47	2014-10-29 17:44:52.407802	2014-10-29 17:44:52.407802
621	1	622	47	2014-10-29 17:44:52.425018	2014-10-29 17:44:52.425018
622	1	623	47	2014-10-29 17:44:52.434343	2014-10-29 17:44:52.434343
623	1	624	47	2014-10-29 17:44:52.458018	2014-10-29 17:44:52.458018
\.


--
-- Name: episodes_id_seq; Type: SEQUENCE SET; Schema: public; Owner: sai_dev
--

SELECT pg_catalog.setval('episodes_id_seq', 623, true);


--
-- Data for Name: movies; Type: TABLE DATA; Schema: public; Owner: sai_dev
--

COPY movies (id, rottentomatoesrating, watchable_id, created_at, updated_at) FROM stdin;
\.


--
-- Name: movies_id_seq; Type: SEQUENCE SET; Schema: public; Owner: sai_dev
--

SELECT pg_catalog.setval('movies_id_seq', 1, false);


--
-- Data for Name: schema_migrations; Type: TABLE DATA; Schema: public; Owner: sai_dev
--

COPY schema_migrations (version) FROM stdin;
20141021073836
20141021073837
20141022133407
20141022135329
20141022135749
20141022140206
20141022142235
\.


--
-- Data for Name: series; Type: TABLE DATA; Schema: public; Owner: sai_dev
--

COPY series (id, name, language, created_at, updated_at) FROM stdin;
34	test_serie	english	2014-10-22 15:44:10.707821	2014-10-22 15:44:10.707821
35	test_serie	english	2014-10-22 15:44:10.945085	2014-10-22 15:44:10.945085
36	test_serie	english	2014-10-22 15:44:11.20642	2014-10-22 15:44:11.20642
37	test_serie	english	2014-10-22 15:44:11.488775	2014-10-22 15:44:11.488775
38	test_serie	english	2014-10-22 15:44:11.740306	2014-10-22 15:44:11.740306
39	test_serie	english	2014-10-22 15:44:11.931189	2014-10-22 15:44:11.931189
40	test_serie	english	2014-10-22 15:44:12.158838	2014-10-22 15:44:12.158838
41	test_serie	english	2014-10-22 15:44:12.422322	2014-10-22 15:44:12.422322
42	test_serie	english	2014-10-22 15:44:12.694049	2014-10-22 15:44:12.694049
43	test_serie	english	2014-10-22 15:44:12.942456	2014-10-22 15:44:12.942456
45	Dexter	english	2014-10-29 15:21:50.615842	2014-10-29 15:21:50.615842
46	2 Broke Girls	english	2014-10-29 16:18:44.14365	2014-10-29 16:18:44.14365
47	Gotham	english	2014-10-29 16:45:50.445423	2014-10-29 16:45:50.445423
\.


--
-- Name: series_id_seq; Type: SEQUENCE SET; Schema: public; Owner: sai_dev
--

SELECT pg_catalog.setval('series_id_seq', 47, true);


--
-- Data for Name: torrents; Type: TABLE DATA; Schema: public; Owner: sai_dev
--

COPY torrents (id, enclosure_url, files, job_id, name, pub_date, rating, size, watchable_id, created_at, updated_at) FROM stdin;
1	0.9330340393783243	1	\N	test_torrent	\N	\N	\N	569	2014-10-22 15:44:13.201758	2014-10-22 15:44:13.201758
2	0.9330340393783243	1	\N	test_torrent	\N	\N	\N	554	2014-10-22 15:44:13.211355	2014-10-22 15:44:13.211355
3	0.9330340393783243	1	\N	test_torrent	\N	\N	\N	548	2014-10-22 15:44:13.232468	2014-10-22 15:44:13.232468
4	0.9330340393783243	1	\N	test_torrent	\N	\N	\N	473	2014-10-22 15:44:13.243587	2014-10-22 15:44:13.243587
5	0.9330340393783243	1	\N	test_torrent	\N	\N	\N	409	2014-10-22 15:44:13.265073	2014-10-22 15:44:13.265073
6	0.9330340393783243	1	\N	test_torrent	\N	\N	\N	549	2014-10-22 15:44:13.283734	2014-10-22 15:44:13.283734
7	0.9330340393783243	1	\N	test_torrent	\N	\N	\N	493	2014-10-22 15:44:13.294885	2014-10-22 15:44:13.294885
8	0.9330340393783243	1	\N	test_torrent	\N	\N	\N	506	2014-10-22 15:44:13.312105	2014-10-22 15:44:13.312105
9	0.9330340393783243	1	\N	test_torrent	\N	\N	\N	415	2014-10-22 15:44:13.320466	2014-10-22 15:44:13.320466
10	0.9330340393783243	1	\N	test_torrent	\N	\N	\N	505	2014-10-22 15:44:13.338673	2014-10-22 15:44:13.338673
11	0.9330340393783243	1	\N	test_torrent	\N	\N	\N	596	2014-10-22 15:44:13.359934	2014-10-22 15:44:13.359934
12	0.9330340393783243	1	\N	test_torrent	\N	\N	\N	568	2014-10-22 15:44:13.368634	2014-10-22 15:44:13.368634
13	0.9330340393783243	1	\N	test_torrent	\N	\N	\N	534	2014-10-22 15:44:13.377563	2014-10-22 15:44:13.377563
14	0.9330340393783243	1	\N	test_torrent	\N	\N	\N	410	2014-10-22 15:44:13.385867	2014-10-22 15:44:13.385867
15	0.9330340393783243	1	\N	test_torrent	\N	\N	\N	502	2014-10-22 15:44:13.394566	2014-10-22 15:44:13.394566
16	0.9330340393783243	1	\N	test_torrent	\N	\N	\N	421	2014-10-22 15:44:13.403358	2014-10-22 15:44:13.403358
17	0.9330340393783243	1	\N	test_torrent	\N	\N	\N	448	2014-10-22 15:44:13.41103	2014-10-22 15:44:13.41103
18	0.9330340393783243	1	\N	test_torrent	\N	\N	\N	510	2014-10-22 15:44:13.419601	2014-10-22 15:44:13.419601
19	0.9330340393783243	1	\N	test_torrent	\N	\N	\N	455	2014-10-22 15:44:13.42716	2014-10-22 15:44:13.42716
20	0.9330340393783243	1	\N	test_torrent	\N	\N	\N	586	2014-10-22 15:44:13.437798	2014-10-22 15:44:13.437798
21	0.9330340393783243	1	\N	test_torrent	\N	\N	\N	509	2014-10-22 15:44:13.447824	2014-10-22 15:44:13.447824
22	0.9330340393783243	1	\N	test_torrent	\N	\N	\N	535	2014-10-22 15:44:13.46707	2014-10-22 15:44:13.46707
23	0.9330340393783243	1	\N	test_torrent	\N	\N	\N	405	2014-10-22 15:44:13.47579	2014-10-22 15:44:13.47579
24	0.9330340393783243	1	\N	test_torrent	\N	\N	\N	412	2014-10-22 15:44:13.483725	2014-10-22 15:44:13.483725
25	0.9330340393783243	1	\N	test_torrent	\N	\N	\N	515	2014-10-22 15:44:13.491644	2014-10-22 15:44:13.491644
26	0.9330340393783243	1	\N	test_torrent	\N	\N	\N	510	2014-10-22 15:44:13.513968	2014-10-22 15:44:13.513968
27	0.9330340393783243	1	\N	test_torrent	\N	\N	\N	418	2014-10-22 15:44:13.532396	2014-10-22 15:44:13.532396
28	0.9330340393783243	1	\N	test_torrent	\N	\N	\N	444	2014-10-22 15:44:13.542873	2014-10-22 15:44:13.542873
29	0.9330340393783243	1	\N	test_torrent	\N	\N	\N	478	2014-10-22 15:44:13.551359	2014-10-22 15:44:13.551359
30	0.9330340393783243	1	\N	test_torrent	\N	\N	\N	517	2014-10-22 15:44:13.560027	2014-10-22 15:44:13.560027
31	0.9330340393783243	1	\N	test_torrent	\N	\N	\N	570	2014-10-22 15:44:13.567919	2014-10-22 15:44:13.567919
32	0.9330340393783243	1	\N	test_torrent	\N	\N	\N	444	2014-10-22 15:44:13.575794	2014-10-22 15:44:13.575794
33	0.9330340393783243	1	\N	test_torrent	\N	\N	\N	466	2014-10-22 15:44:13.598871	2014-10-22 15:44:13.598871
34	0.9330340393783243	1	\N	test_torrent	\N	\N	\N	506	2014-10-22 15:44:13.607084	2014-10-22 15:44:13.607084
35	0.9330340393783243	1	\N	test_torrent	\N	\N	\N	438	2014-10-22 15:44:13.623854	2014-10-22 15:44:13.623854
36	0.9330340393783243	1	\N	test_torrent	\N	\N	\N	558	2014-10-22 15:44:13.644878	2014-10-22 15:44:13.644878
37	0.9330340393783243	1	\N	test_torrent	\N	\N	\N	517	2014-10-22 15:44:13.653946	2014-10-22 15:44:13.653946
38	0.9330340393783243	1	\N	test_torrent	\N	\N	\N	408	2014-10-22 15:44:13.664102	2014-10-22 15:44:13.664102
39	0.9330340393783243	1	\N	test_torrent	\N	\N	\N	522	2014-10-22 15:44:13.674	2014-10-22 15:44:13.674
40	0.9330340393783243	1	\N	test_torrent	\N	\N	\N	454	2014-10-22 15:44:13.681347	2014-10-22 15:44:13.681347
41	0.9330340393783243	1	\N	test_torrent	\N	\N	\N	466	2014-10-22 15:44:13.689746	2014-10-22 15:44:13.689746
42	0.9330340393783243	1	\N	test_torrent	\N	\N	\N	422	2014-10-22 15:44:13.718805	2014-10-22 15:44:13.718805
43	0.9330340393783243	1	\N	test_torrent	\N	\N	\N	461	2014-10-22 15:44:13.72697	2014-10-22 15:44:13.72697
44	0.9330340393783243	1	\N	test_torrent	\N	\N	\N	530	2014-10-22 15:44:13.738543	2014-10-22 15:44:13.738543
45	0.9330340393783243	1	\N	test_torrent	\N	\N	\N	415	2014-10-22 15:44:13.747245	2014-10-22 15:44:13.747245
46	0.9330340393783243	1	\N	test_torrent	\N	\N	\N	566	2014-10-22 15:44:13.755166	2014-10-22 15:44:13.755166
47	0.9330340393783243	1	\N	test_torrent	\N	\N	\N	525	2014-10-22 15:44:13.763188	2014-10-22 15:44:13.763188
48	0.9330340393783243	1	\N	test_torrent	\N	\N	\N	589	2014-10-22 15:44:13.771807	2014-10-22 15:44:13.771807
49	0.9330340393783243	1	\N	test_torrent	\N	\N	\N	434	2014-10-22 15:44:13.779813	2014-10-22 15:44:13.779813
50	0.9330340393783243	1	\N	test_torrent	\N	\N	\N	428	2014-10-22 15:44:13.788761	2014-10-22 15:44:13.788761
51	0.9330340393783243	1	\N	test_torrent	\N	\N	\N	536	2014-10-22 15:44:13.796254	2014-10-22 15:44:13.796254
52	0.9330340393783243	1	\N	test_torrent	\N	\N	\N	422	2014-10-22 15:44:13.804936	2014-10-22 15:44:13.804936
53	0.9330340393783243	1	\N	test_torrent	\N	\N	\N	496	2014-10-22 15:44:13.812806	2014-10-22 15:44:13.812806
54	0.9330340393783243	1	\N	test_torrent	\N	\N	\N	459	2014-10-22 15:44:13.82094	2014-10-22 15:44:13.82094
55	0.9330340393783243	1	\N	test_torrent	\N	\N	\N	441	2014-10-22 15:44:13.8313	2014-10-22 15:44:13.8313
56	0.9330340393783243	1	\N	test_torrent	\N	\N	\N	411	2014-10-22 15:44:13.841218	2014-10-22 15:44:13.841218
57	0.9330340393783243	1	\N	test_torrent	\N	\N	\N	500	2014-10-22 15:44:13.84968	2014-10-22 15:44:13.84968
58	0.9330340393783243	1	\N	test_torrent	\N	\N	\N	466	2014-10-22 15:44:13.858502	2014-10-22 15:44:13.858502
59	0.9330340393783243	1	\N	test_torrent	\N	\N	\N	580	2014-10-22 15:44:13.868757	2014-10-22 15:44:13.868757
60	0.9330340393783243	1	\N	test_torrent	\N	\N	\N	526	2014-10-22 15:44:13.878626	2014-10-22 15:44:13.878626
\.


--
-- Name: torrents_id_seq; Type: SEQUENCE SET; Schema: public; Owner: sai_dev
--

SELECT pg_catalog.setval('torrents_id_seq', 60, true);


--
-- Data for Name: watchables; Type: TABLE DATA; Schema: public; Owner: sai_dev
--

COPY watchables (id, dl_finished, firstaired, name, watched, length, created_at, updated_at) FROM stdin;
401	f	\N	test_watchable	f	\N	2014-10-22 15:44:10.71632	2014-10-22 15:44:10.71632
402	f	\N	test_watchable	f	\N	2014-10-22 15:44:10.72874	2014-10-22 15:44:10.72874
403	f	\N	test_watchable	f	\N	2014-10-22 15:44:10.736472	2014-10-22 15:44:10.736472
404	f	\N	test_watchable	f	\N	2014-10-22 15:44:10.744164	2014-10-22 15:44:10.744164
405	f	\N	test_watchable	f	\N	2014-10-22 15:44:10.751791	2014-10-22 15:44:10.751791
406	f	\N	test_watchable	f	\N	2014-10-22 15:44:10.760255	2014-10-22 15:44:10.760255
407	f	\N	test_watchable	f	\N	2014-10-22 15:44:10.769777	2014-10-22 15:44:10.769777
408	f	\N	test_watchable	f	\N	2014-10-22 15:44:10.782053	2014-10-22 15:44:10.782053
409	f	\N	test_watchable	f	\N	2014-10-22 15:44:10.800998	2014-10-22 15:44:10.800998
410	f	\N	test_watchable	f	\N	2014-10-22 15:44:10.810957	2014-10-22 15:44:10.810957
411	f	\N	test_watchable	f	\N	2014-10-22 15:44:10.820824	2014-10-22 15:44:10.820824
412	f	\N	test_watchable	f	\N	2014-10-22 15:44:10.829993	2014-10-22 15:44:10.829993
413	f	\N	test_watchable	f	\N	2014-10-22 15:44:10.845106	2014-10-22 15:44:10.845106
414	f	\N	test_watchable	f	\N	2014-10-22 15:44:10.861753	2014-10-22 15:44:10.861753
415	f	\N	test_watchable	f	\N	2014-10-22 15:44:10.872496	2014-10-22 15:44:10.872496
416	f	\N	test_watchable	f	\N	2014-10-22 15:44:10.882577	2014-10-22 15:44:10.882577
417	f	\N	test_watchable	f	\N	2014-10-22 15:44:10.892143	2014-10-22 15:44:10.892143
418	f	\N	test_watchable	f	\N	2014-10-22 15:44:10.907652	2014-10-22 15:44:10.907652
419	f	\N	test_watchable	f	\N	2014-10-22 15:44:10.925384	2014-10-22 15:44:10.925384
420	f	\N	test_watchable	f	\N	2014-10-22 15:44:10.933756	2014-10-22 15:44:10.933756
421	f	\N	test_watchable	f	\N	2014-10-22 15:44:10.949726	2014-10-22 15:44:10.949726
422	f	\N	test_watchable	f	\N	2014-10-22 15:44:10.959153	2014-10-22 15:44:10.959153
423	f	\N	test_watchable	f	\N	2014-10-22 15:44:10.976016	2014-10-22 15:44:10.976016
424	f	\N	test_watchable	f	\N	2014-10-22 15:44:10.992418	2014-10-22 15:44:10.992418
425	f	\N	test_watchable	f	\N	2014-10-22 15:44:11.000379	2014-10-22 15:44:11.000379
426	f	\N	test_watchable	f	\N	2014-10-22 15:44:11.009819	2014-10-22 15:44:11.009819
427	f	\N	test_watchable	f	\N	2014-10-22 15:44:11.021739	2014-10-22 15:44:11.021739
428	f	\N	test_watchable	f	\N	2014-10-22 15:44:11.029232	2014-10-22 15:44:11.029232
429	f	\N	test_watchable	f	\N	2014-10-22 15:44:11.037025	2014-10-22 15:44:11.037025
430	f	\N	test_watchable	f	\N	2014-10-22 15:44:11.051633	2014-10-22 15:44:11.051633
431	f	\N	test_watchable	f	\N	2014-10-22 15:44:11.059729	2014-10-22 15:44:11.059729
432	f	\N	test_watchable	f	\N	2014-10-22 15:44:11.069823	2014-10-22 15:44:11.069823
433	f	\N	test_watchable	f	\N	2014-10-22 15:44:11.078714	2014-10-22 15:44:11.078714
434	f	\N	test_watchable	f	\N	2014-10-22 15:44:11.103166	2014-10-22 15:44:11.103166
435	f	\N	test_watchable	f	\N	2014-10-22 15:44:11.126985	2014-10-22 15:44:11.126985
436	f	\N	test_watchable	f	\N	2014-10-22 15:44:11.140698	2014-10-22 15:44:11.140698
437	f	\N	test_watchable	f	\N	2014-10-22 15:44:11.153703	2014-10-22 15:44:11.153703
438	f	\N	test_watchable	f	\N	2014-10-22 15:44:11.16422	2014-10-22 15:44:11.16422
439	f	\N	test_watchable	f	\N	2014-10-22 15:44:11.174765	2014-10-22 15:44:11.174765
440	f	\N	test_watchable	f	\N	2014-10-22 15:44:11.195222	2014-10-22 15:44:11.195222
441	f	\N	test_watchable	f	\N	2014-10-22 15:44:11.216734	2014-10-22 15:44:11.216734
442	f	\N	test_watchable	f	\N	2014-10-22 15:44:11.245371	2014-10-22 15:44:11.245371
443	f	\N	test_watchable	f	\N	2014-10-22 15:44:11.254408	2014-10-22 15:44:11.254408
444	f	\N	test_watchable	f	\N	2014-10-22 15:44:11.27843	2014-10-22 15:44:11.27843
445	f	\N	test_watchable	f	\N	2014-10-22 15:44:11.289941	2014-10-22 15:44:11.289941
446	f	\N	test_watchable	f	\N	2014-10-22 15:44:11.301478	2014-10-22 15:44:11.301478
447	f	\N	test_watchable	f	\N	2014-10-22 15:44:11.313001	2014-10-22 15:44:11.313001
448	f	\N	test_watchable	f	\N	2014-10-22 15:44:11.323385	2014-10-22 15:44:11.323385
449	f	\N	test_watchable	f	\N	2014-10-22 15:44:11.334254	2014-10-22 15:44:11.334254
450	f	\N	test_watchable	f	\N	2014-10-22 15:44:11.344365	2014-10-22 15:44:11.344365
451	f	\N	test_watchable	f	\N	2014-10-22 15:44:11.366528	2014-10-22 15:44:11.366528
452	f	\N	test_watchable	f	\N	2014-10-22 15:44:11.374314	2014-10-22 15:44:11.374314
453	f	\N	test_watchable	f	\N	2014-10-22 15:44:11.382884	2014-10-22 15:44:11.382884
454	f	\N	test_watchable	f	\N	2014-10-22 15:44:11.393001	2014-10-22 15:44:11.393001
455	f	\N	test_watchable	f	\N	2014-10-22 15:44:11.40671	2014-10-22 15:44:11.40671
456	f	\N	test_watchable	f	\N	2014-10-22 15:44:11.417345	2014-10-22 15:44:11.417345
457	f	\N	test_watchable	f	\N	2014-10-22 15:44:11.424744	2014-10-22 15:44:11.424744
458	f	\N	test_watchable	f	\N	2014-10-22 15:44:11.431721	2014-10-22 15:44:11.431721
459	f	\N	test_watchable	f	\N	2014-10-22 15:44:11.441201	2014-10-22 15:44:11.441201
460	f	\N	test_watchable	f	\N	2014-10-22 15:44:11.463826	2014-10-22 15:44:11.463826
461	f	\N	test_watchable	f	\N	2014-10-22 15:44:11.493027	2014-10-22 15:44:11.493027
462	f	\N	test_watchable	f	\N	2014-10-22 15:44:11.500861	2014-10-22 15:44:11.500861
463	f	\N	test_watchable	f	\N	2014-10-22 15:44:11.510604	2014-10-22 15:44:11.510604
464	f	\N	test_watchable	f	\N	2014-10-22 15:44:11.523252	2014-10-22 15:44:11.523252
465	f	\N	test_watchable	f	\N	2014-10-22 15:44:11.532472	2014-10-22 15:44:11.532472
466	f	\N	test_watchable	f	\N	2014-10-22 15:44:11.541896	2014-10-22 15:44:11.541896
467	f	\N	test_watchable	f	\N	2014-10-22 15:44:11.552157	2014-10-22 15:44:11.552157
468	f	\N	test_watchable	f	\N	2014-10-22 15:44:11.563381	2014-10-22 15:44:11.563381
469	f	\N	test_watchable	f	\N	2014-10-22 15:44:11.578495	2014-10-22 15:44:11.578495
470	f	\N	test_watchable	f	\N	2014-10-22 15:44:11.588608	2014-10-22 15:44:11.588608
471	f	\N	test_watchable	f	\N	2014-10-22 15:44:11.595701	2014-10-22 15:44:11.595701
472	f	\N	test_watchable	f	\N	2014-10-22 15:44:11.603976	2014-10-22 15:44:11.603976
473	f	\N	test_watchable	f	\N	2014-10-22 15:44:11.612572	2014-10-22 15:44:11.612572
474	f	\N	test_watchable	f	\N	2014-10-22 15:44:11.63727	2014-10-22 15:44:11.63727
475	f	\N	test_watchable	f	\N	2014-10-22 15:44:11.649433	2014-10-22 15:44:11.649433
476	f	\N	test_watchable	f	\N	2014-10-22 15:44:11.66119	2014-10-22 15:44:11.66119
477	f	\N	test_watchable	f	\N	2014-10-22 15:44:11.672494	2014-10-22 15:44:11.672494
478	f	\N	test_watchable	f	\N	2014-10-22 15:44:11.698919	2014-10-22 15:44:11.698919
479	f	\N	test_watchable	f	\N	2014-10-22 15:44:11.723676	2014-10-22 15:44:11.723676
480	f	\N	test_watchable	f	\N	2014-10-22 15:44:11.732301	2014-10-22 15:44:11.732301
481	f	\N	test_watchable	f	\N	2014-10-22 15:44:11.749045	2014-10-22 15:44:11.749045
482	f	\N	test_watchable	f	\N	2014-10-22 15:44:11.764883	2014-10-22 15:44:11.764883
483	f	\N	test_watchable	f	\N	2014-10-22 15:44:11.772848	2014-10-22 15:44:11.772848
484	f	\N	test_watchable	f	\N	2014-10-22 15:44:11.781397	2014-10-22 15:44:11.781397
485	f	\N	test_watchable	f	\N	2014-10-22 15:44:11.789413	2014-10-22 15:44:11.789413
486	f	\N	test_watchable	f	\N	2014-10-22 15:44:11.796701	2014-10-22 15:44:11.796701
487	f	\N	test_watchable	f	\N	2014-10-22 15:44:11.804237	2014-10-22 15:44:11.804237
488	f	\N	test_watchable	f	\N	2014-10-22 15:44:11.811486	2014-10-22 15:44:11.811486
489	f	\N	test_watchable	f	\N	2014-10-22 15:44:11.818911	2014-10-22 15:44:11.818911
490	f	\N	test_watchable	f	\N	2014-10-22 15:44:11.826723	2014-10-22 15:44:11.826723
491	f	\N	test_watchable	f	\N	2014-10-22 15:44:11.834642	2014-10-22 15:44:11.834642
492	f	\N	test_watchable	f	\N	2014-10-22 15:44:11.842159	2014-10-22 15:44:11.842159
493	f	\N	test_watchable	f	\N	2014-10-22 15:44:11.849689	2014-10-22 15:44:11.849689
494	f	\N	test_watchable	f	\N	2014-10-22 15:44:11.861308	2014-10-22 15:44:11.861308
495	f	\N	test_watchable	f	\N	2014-10-22 15:44:11.871322	2014-10-22 15:44:11.871322
496	f	\N	test_watchable	f	\N	2014-10-22 15:44:11.881342	2014-10-22 15:44:11.881342
497	f	\N	test_watchable	f	\N	2014-10-22 15:44:11.891122	2014-10-22 15:44:11.891122
498	f	\N	test_watchable	f	\N	2014-10-22 15:44:11.901056	2014-10-22 15:44:11.901056
499	f	\N	test_watchable	f	\N	2014-10-22 15:44:11.911393	2014-10-22 15:44:11.911393
500	f	\N	test_watchable	f	\N	2014-10-22 15:44:11.921673	2014-10-22 15:44:11.921673
501	f	\N	test_watchable	f	\N	2014-10-22 15:44:11.935937	2014-10-22 15:44:11.935937
502	f	\N	test_watchable	f	\N	2014-10-22 15:44:11.946472	2014-10-22 15:44:11.946472
503	f	\N	test_watchable	f	\N	2014-10-22 15:44:11.955853	2014-10-22 15:44:11.955853
504	f	\N	test_watchable	f	\N	2014-10-22 15:44:11.966171	2014-10-22 15:44:11.966171
505	f	\N	test_watchable	f	\N	2014-10-22 15:44:11.978806	2014-10-22 15:44:11.978806
506	f	\N	test_watchable	f	\N	2014-10-22 15:44:11.988594	2014-10-22 15:44:11.988594
507	f	\N	test_watchable	f	\N	2014-10-22 15:44:11.998689	2014-10-22 15:44:11.998689
508	f	\N	test_watchable	f	\N	2014-10-22 15:44:12.008577	2014-10-22 15:44:12.008577
509	f	\N	test_watchable	f	\N	2014-10-22 15:44:12.018549	2014-10-22 15:44:12.018549
510	f	\N	test_watchable	f	\N	2014-10-22 15:44:12.028851	2014-10-22 15:44:12.028851
511	f	\N	test_watchable	f	\N	2014-10-22 15:44:12.040422	2014-10-22 15:44:12.040422
512	f	\N	test_watchable	f	\N	2014-10-22 15:44:12.050572	2014-10-22 15:44:12.050572
513	f	\N	test_watchable	f	\N	2014-10-22 15:44:12.061388	2014-10-22 15:44:12.061388
514	f	\N	test_watchable	f	\N	2014-10-22 15:44:12.077137	2014-10-22 15:44:12.077137
515	f	\N	test_watchable	f	\N	2014-10-22 15:44:12.096754	2014-10-22 15:44:12.096754
516	f	\N	test_watchable	f	\N	2014-10-22 15:44:12.105506	2014-10-22 15:44:12.105506
517	f	\N	test_watchable	f	\N	2014-10-22 15:44:12.115878	2014-10-22 15:44:12.115878
518	f	\N	test_watchable	f	\N	2014-10-22 15:44:12.126754	2014-10-22 15:44:12.126754
519	f	\N	test_watchable	f	\N	2014-10-22 15:44:12.137446	2014-10-22 15:44:12.137446
520	f	\N	test_watchable	f	\N	2014-10-22 15:44:12.147848	2014-10-22 15:44:12.147848
601	f	2014-08-18	Exclusive Preview	f	\N	2014-10-29 17:43:47.483217	2014-10-29 17:43:47.483217
602	f	2014-08-18	Exclusive Preview	f	\N	2014-10-29 17:44:04.494944	2014-10-29 17:44:04.494944
603	f	2014-08-18	Exclusive Preview	f	\N	2014-10-29 17:44:20.737819	2014-10-29 17:44:20.737819
604	f	2014-08-22	The Legend Reborn	f	\N	2014-10-29 17:44:20.767795	2014-10-29 17:44:20.767795
605	f	2014-09-22	Pilot	f	\N	2014-10-29 17:44:20.77985	2014-10-29 17:44:20.77985
606	f	2014-09-29	Selina Kyle	f	\N	2014-10-29 17:44:20.78893	2014-10-29 17:44:20.78893
607	f	2014-10-06	The Balloonman	f	\N	2014-10-29 17:44:20.798582	2014-10-29 17:44:20.798582
608	f	2014-10-13	Arkham	f	\N	2014-10-29 17:44:20.812109	2014-10-29 17:44:20.812109
609	f	2014-10-20	Viper	f	\N	2014-10-29 17:44:20.820994	2014-10-29 17:44:20.820994
610	f	2014-10-27	Spirit of the Goat	f	\N	2014-10-29 17:44:20.829047	2014-10-29 17:44:20.829047
611	f	2014-11-03	Penguin's Umbrella	f	\N	2014-10-29 17:44:20.839833	2014-10-29 17:44:20.839833
612	f	2014-11-10	The Mask	f	\N	2014-10-29 17:44:20.862959	2014-10-29 17:44:20.862959
614	f	2014-08-18	Exclusive Preview	f	\N	2014-10-29 17:44:52.292697	2014-10-29 17:44:52.292697
615	f	2014-08-22	The Legend Reborn	f	\N	2014-10-29 17:44:52.333637	2014-10-29 17:44:52.333637
616	f	2014-09-22	Pilot	f	\N	2014-10-29 17:44:52.349721	2014-10-29 17:44:52.349721
617	f	2014-09-29	Selina Kyle	f	\N	2014-10-29 17:44:52.35933	2014-10-29 17:44:52.35933
618	f	2014-10-06	The Balloonman	f	\N	2014-10-29 17:44:52.368083	2014-10-29 17:44:52.368083
619	f	2014-10-13	Arkham	f	\N	2014-10-29 17:44:52.37791	2014-10-29 17:44:52.37791
620	f	2014-10-20	Viper	f	\N	2014-10-29 17:44:52.389697	2014-10-29 17:44:52.389697
621	f	2014-10-27	Spirit of the Goat	f	\N	2014-10-29 17:44:52.400294	2014-10-29 17:44:52.400294
622	f	2014-11-03	Penguin's Umbrella	f	\N	2014-10-29 17:44:52.419873	2014-10-29 17:44:52.419873
623	f	2014-11-10	The Mask	f	\N	2014-10-29 17:44:52.429204	2014-10-29 17:44:52.429204
624	f	\N	not known	f	\N	2014-10-29 17:44:52.440341	2014-10-29 17:44:52.440341
521	f	\N	test_watchable	f	\N	2014-10-22 15:44:12.164343	2014-10-22 15:44:12.164343
522	f	\N	test_watchable	f	\N	2014-10-22 15:44:12.175272	2014-10-22 15:44:12.175272
523	f	\N	test_watchable	f	\N	2014-10-22 15:44:12.191321	2014-10-22 15:44:12.191321
524	f	\N	test_watchable	f	\N	2014-10-22 15:44:12.207578	2014-10-22 15:44:12.207578
525	f	\N	test_watchable	f	\N	2014-10-22 15:44:12.21707	2014-10-22 15:44:12.21707
526	f	\N	test_watchable	f	\N	2014-10-22 15:44:12.224951	2014-10-22 15:44:12.224951
527	f	\N	test_watchable	f	\N	2014-10-22 15:44:12.232182	2014-10-22 15:44:12.232182
528	f	\N	test_watchable	f	\N	2014-10-22 15:44:12.239688	2014-10-22 15:44:12.239688
529	f	\N	test_watchable	f	\N	2014-10-22 15:44:12.259503	2014-10-22 15:44:12.259503
530	f	\N	test_watchable	f	\N	2014-10-22 15:44:12.280476	2014-10-22 15:44:12.280476
531	f	\N	test_watchable	f	\N	2014-10-22 15:44:12.308956	2014-10-22 15:44:12.308956
532	f	\N	test_watchable	f	\N	2014-10-22 15:44:12.322297	2014-10-22 15:44:12.322297
533	f	\N	test_watchable	f	\N	2014-10-22 15:44:12.331945	2014-10-22 15:44:12.331945
534	f	\N	test_watchable	f	\N	2014-10-22 15:44:12.34165	2014-10-22 15:44:12.34165
535	f	\N	test_watchable	f	\N	2014-10-22 15:44:12.351667	2014-10-22 15:44:12.351667
536	f	\N	test_watchable	f	\N	2014-10-22 15:44:12.369418	2014-10-22 15:44:12.369418
537	f	\N	test_watchable	f	\N	2014-10-22 15:44:12.38063	2014-10-22 15:44:12.38063
538	f	\N	test_watchable	f	\N	2014-10-22 15:44:12.392341	2014-10-22 15:44:12.392341
539	f	\N	test_watchable	f	\N	2014-10-22 15:44:12.402104	2014-10-22 15:44:12.402104
540	f	\N	test_watchable	f	\N	2014-10-22 15:44:12.412378	2014-10-22 15:44:12.412378
541	f	\N	test_watchable	f	\N	2014-10-22 15:44:12.427321	2014-10-22 15:44:12.427321
542	f	\N	test_watchable	f	\N	2014-10-22 15:44:12.438349	2014-10-22 15:44:12.438349
543	f	\N	test_watchable	f	\N	2014-10-22 15:44:12.462522	2014-10-22 15:44:12.462522
544	f	\N	test_watchable	f	\N	2014-10-22 15:44:12.473904	2014-10-22 15:44:12.473904
545	f	\N	test_watchable	f	\N	2014-10-22 15:44:12.481338	2014-10-22 15:44:12.481338
546	f	\N	test_watchable	f	\N	2014-10-22 15:44:12.497275	2014-10-22 15:44:12.497275
547	f	\N	test_watchable	f	\N	2014-10-22 15:44:12.517711	2014-10-22 15:44:12.517711
548	f	\N	test_watchable	f	\N	2014-10-22 15:44:12.536275	2014-10-22 15:44:12.536275
549	f	\N	test_watchable	f	\N	2014-10-22 15:44:12.547132	2014-10-22 15:44:12.547132
550	f	\N	test_watchable	f	\N	2014-10-22 15:44:12.570758	2014-10-22 15:44:12.570758
551	f	\N	test_watchable	f	\N	2014-10-22 15:44:12.582106	2014-10-22 15:44:12.582106
552	f	\N	test_watchable	f	\N	2014-10-22 15:44:12.590253	2014-10-22 15:44:12.590253
553	f	\N	test_watchable	f	\N	2014-10-22 15:44:12.601177	2014-10-22 15:44:12.601177
554	f	\N	test_watchable	f	\N	2014-10-22 15:44:12.616837	2014-10-22 15:44:12.616837
555	f	\N	test_watchable	f	\N	2014-10-22 15:44:12.635206	2014-10-22 15:44:12.635206
556	f	\N	test_watchable	f	\N	2014-10-22 15:44:12.644794	2014-10-22 15:44:12.644794
557	f	\N	test_watchable	f	\N	2014-10-22 15:44:12.653945	2014-10-22 15:44:12.653945
558	f	\N	test_watchable	f	\N	2014-10-22 15:44:12.665756	2014-10-22 15:44:12.665756
559	f	\N	test_watchable	f	\N	2014-10-22 15:44:12.675383	2014-10-22 15:44:12.675383
560	f	\N	test_watchable	f	\N	2014-10-22 15:44:12.684748	2014-10-22 15:44:12.684748
561	f	\N	test_watchable	f	\N	2014-10-22 15:44:12.699323	2014-10-22 15:44:12.699323
562	f	\N	test_watchable	f	\N	2014-10-22 15:44:12.716154	2014-10-22 15:44:12.716154
563	f	\N	test_watchable	f	\N	2014-10-22 15:44:12.727967	2014-10-22 15:44:12.727967
564	f	\N	test_watchable	f	\N	2014-10-22 15:44:12.738379	2014-10-22 15:44:12.738379
565	f	\N	test_watchable	f	\N	2014-10-22 15:44:12.774716	2014-10-22 15:44:12.774716
566	f	\N	test_watchable	f	\N	2014-10-22 15:44:12.787575	2014-10-22 15:44:12.787575
567	f	\N	test_watchable	f	\N	2014-10-22 15:44:12.796835	2014-10-22 15:44:12.796835
568	f	\N	test_watchable	f	\N	2014-10-22 15:44:12.809045	2014-10-22 15:44:12.809045
569	f	\N	test_watchable	f	\N	2014-10-22 15:44:12.818687	2014-10-22 15:44:12.818687
570	f	\N	test_watchable	f	\N	2014-10-22 15:44:12.829386	2014-10-22 15:44:12.829386
571	f	\N	test_watchable	f	\N	2014-10-22 15:44:12.839229	2014-10-22 15:44:12.839229
572	f	\N	test_watchable	f	\N	2014-10-22 15:44:12.848486	2014-10-22 15:44:12.848486
573	f	\N	test_watchable	f	\N	2014-10-22 15:44:12.859253	2014-10-22 15:44:12.859253
574	f	\N	test_watchable	f	\N	2014-10-22 15:44:12.871098	2014-10-22 15:44:12.871098
575	f	\N	test_watchable	f	\N	2014-10-22 15:44:12.880911	2014-10-22 15:44:12.880911
576	f	\N	test_watchable	f	\N	2014-10-22 15:44:12.891668	2014-10-22 15:44:12.891668
577	f	\N	test_watchable	f	\N	2014-10-22 15:44:12.902513	2014-10-22 15:44:12.902513
578	f	\N	test_watchable	f	\N	2014-10-22 15:44:12.911653	2014-10-22 15:44:12.911653
579	f	\N	test_watchable	f	\N	2014-10-22 15:44:12.921944	2014-10-22 15:44:12.921944
580	f	\N	test_watchable	f	\N	2014-10-22 15:44:12.93207	2014-10-22 15:44:12.93207
581	f	\N	test_watchable	f	\N	2014-10-22 15:44:12.946877	2014-10-22 15:44:12.946877
582	f	\N	test_watchable	f	\N	2014-10-22 15:44:12.96241	2014-10-22 15:44:12.96241
583	f	\N	test_watchable	f	\N	2014-10-22 15:44:12.982481	2014-10-22 15:44:12.982481
584	f	\N	test_watchable	f	\N	2014-10-22 15:44:12.996467	2014-10-22 15:44:12.996467
585	f	\N	test_watchable	f	\N	2014-10-22 15:44:13.00507	2014-10-22 15:44:13.00507
586	f	\N	test_watchable	f	\N	2014-10-22 15:44:13.012849	2014-10-22 15:44:13.012849
587	f	\N	test_watchable	f	\N	2014-10-22 15:44:13.03021	2014-10-22 15:44:13.03021
588	f	\N	test_watchable	f	\N	2014-10-22 15:44:13.049651	2014-10-22 15:44:13.049651
589	f	\N	test_watchable	f	\N	2014-10-22 15:44:13.057841	2014-10-22 15:44:13.057841
590	f	\N	test_watchable	f	\N	2014-10-22 15:44:13.069125	2014-10-22 15:44:13.069125
591	f	\N	test_watchable	f	\N	2014-10-22 15:44:13.079298	2014-10-22 15:44:13.079298
592	f	\N	test_watchable	f	\N	2014-10-22 15:44:13.096962	2014-10-22 15:44:13.096962
593	f	\N	test_watchable	f	\N	2014-10-22 15:44:13.104362	2014-10-22 15:44:13.104362
594	f	\N	test_watchable	f	\N	2014-10-22 15:44:13.111106	2014-10-22 15:44:13.111106
595	f	\N	test_watchable	f	\N	2014-10-22 15:44:13.126631	2014-10-22 15:44:13.126631
596	f	\N	test_watchable	f	\N	2014-10-22 15:44:13.137229	2014-10-22 15:44:13.137229
597	f	\N	test_watchable	f	\N	2014-10-22 15:44:13.144782	2014-10-22 15:44:13.144782
598	f	\N	test_watchable	f	\N	2014-10-22 15:44:13.154845	2014-10-22 15:44:13.154845
599	f	\N	test_watchable	f	\N	2014-10-22 15:44:13.165986	2014-10-22 15:44:13.165986
600	f	\N	test_watchable	f	\N	2014-10-22 15:44:13.176429	2014-10-22 15:44:13.176429
\.


--
-- Name: watchables_id_seq; Type: SEQUENCE SET; Schema: public; Owner: sai_dev
--

SELECT pg_catalog.setval('watchables_id_seq', 624, true);


--
-- Name: actors_pkey; Type: CONSTRAINT; Schema: public; Owner: sai_dev; Tablespace: 
--

ALTER TABLE ONLY actors
    ADD CONSTRAINT actors_pkey PRIMARY KEY (id);


--
-- Name: episodes_pkey; Type: CONSTRAINT; Schema: public; Owner: sai_dev; Tablespace: 
--

ALTER TABLE ONLY episodes
    ADD CONSTRAINT episodes_pkey PRIMARY KEY (id);


--
-- Name: movies_pkey; Type: CONSTRAINT; Schema: public; Owner: sai_dev; Tablespace: 
--

ALTER TABLE ONLY movies
    ADD CONSTRAINT movies_pkey PRIMARY KEY (id);


--
-- Name: series_pkey; Type: CONSTRAINT; Schema: public; Owner: sai_dev; Tablespace: 
--

ALTER TABLE ONLY series
    ADD CONSTRAINT series_pkey PRIMARY KEY (id);


--
-- Name: torrents_pkey; Type: CONSTRAINT; Schema: public; Owner: sai_dev; Tablespace: 
--

ALTER TABLE ONLY torrents
    ADD CONSTRAINT torrents_pkey PRIMARY KEY (id);


--
-- Name: watchables_pkey; Type: CONSTRAINT; Schema: public; Owner: sai_dev; Tablespace: 
--

ALTER TABLE ONLY watchables
    ADD CONSTRAINT watchables_pkey PRIMARY KEY (id);


--
-- Name: unique_schema_migrations; Type: INDEX; Schema: public; Owner: sai_dev; Tablespace: 
--

CREATE UNIQUE INDEX unique_schema_migrations ON schema_migrations USING btree (version);


--
-- Name: actors_watchables_actor_id_fk; Type: FK CONSTRAINT; Schema: public; Owner: sai_dev
--

ALTER TABLE ONLY actors_watchables
    ADD CONSTRAINT actors_watchables_actor_id_fk FOREIGN KEY (actor_id) REFERENCES actors(id);


--
-- Name: actors_watchables_watchable_id_fk; Type: FK CONSTRAINT; Schema: public; Owner: sai_dev
--

ALTER TABLE ONLY actors_watchables
    ADD CONSTRAINT actors_watchables_watchable_id_fk FOREIGN KEY (watchable_id) REFERENCES watchables(id);


--
-- Name: episodes_serie_id_fk; Type: FK CONSTRAINT; Schema: public; Owner: sai_dev
--

ALTER TABLE ONLY episodes
    ADD CONSTRAINT episodes_serie_id_fk FOREIGN KEY (serie_id) REFERENCES series(id);


--
-- Name: episodes_watchable_id_fk; Type: FK CONSTRAINT; Schema: public; Owner: sai_dev
--

ALTER TABLE ONLY episodes
    ADD CONSTRAINT episodes_watchable_id_fk FOREIGN KEY (watchable_id) REFERENCES watchables(id);


--
-- Name: movies_watchable_id_fk; Type: FK CONSTRAINT; Schema: public; Owner: sai_dev
--

ALTER TABLE ONLY movies
    ADD CONSTRAINT movies_watchable_id_fk FOREIGN KEY (watchable_id) REFERENCES watchables(id);


--
-- Name: torrents_watchable_id_fk; Type: FK CONSTRAINT; Schema: public; Owner: sai_dev
--

ALTER TABLE ONLY torrents
    ADD CONSTRAINT torrents_watchable_id_fk FOREIGN KEY (watchable_id) REFERENCES watchables(id);


--
-- Name: public; Type: ACL; Schema: -; Owner: postgres
--

REVOKE ALL ON SCHEMA public FROM PUBLIC;
REVOKE ALL ON SCHEMA public FROM postgres;
GRANT ALL ON SCHEMA public TO postgres;
GRANT ALL ON SCHEMA public TO PUBLIC;


--
-- PostgreSQL database dump complete
--

